{"gradients/Decoder.FC_output.bias": {"_type": "histogram", "values": [1.0, 0.0, 1.0, 1.0, 2.0, 1.0, 2.0, 0.0, 0.0, 2.0, 1.0, 2.0, 0.0, 3.0, 0.0, 3.0, 2.0, 6.0, 3.0, 2.0, 3.0, 4.0, 4.0, 3.0, 5.0, 6.0, 10.0, 10.0, 11.0, 16.0, 11.0, 16.0, 21.0, 21.0, 24.0, 23.0, 32.0, 301.0, 43.0, 32.0, 30.0, 24.0, 19.0, 6.0, 11.0, 19.0, 10.0, 5.0, 6.0, 5.0, 6.0, 2.0, 3.0, 3.0, 1.0, 0.0, 1.0, 2.0, 1.0, 0.0, 0.0, 1.0, 0.0, 1.0], "bins": [-6.555076599121094, -6.379537582397461, -6.203998565673828, -6.028459548950195, -5.8529205322265625, -5.677381992340088, -5.501842975616455, -5.326303958892822, -5.1507649421691895, -4.975225925445557, -4.799686908721924, -4.624147891998291, -4.448609352111816, -4.273070335388184, -4.097531318664551, -3.921992301940918, -3.746453285217285, -3.5709142684936523, -3.3953752517700195, -3.219836473464966, -3.044297456741333, -2.8687584400177, -2.6932196617126465, -2.5176806449890137, -2.342141628265381, -2.166602611541748, -1.9910637140274048, -1.8155248165130615, -1.6399857997894287, -1.464446783065796, -1.2889078855514526, -1.1133689880371094, -0.9378294944763184, -0.7622905373573303, -0.5867515802383423, -0.41121262311935425, -0.2356736660003662, -0.060134708881378174, 0.11540424823760986, 0.2909431457519531, 0.46648216247558594, 0.642021119594574, 0.817560076713562, 0.99309903383255, 1.168637990951538, 1.344177007675171, 1.5197159051895142, 1.6952548027038574, 1.8707938194274902, 2.046332836151123, 2.221871852874756, 2.3974106311798096, 2.5729496479034424, 2.748488664627075, 2.924027442932129, 3.0995664596557617, 3.2751054763793945, 3.4506444931030273, 3.62618350982666, 3.801722288131714, 3.9772613048553467, 4.1528000831604, 4.328339099884033, 4.503878116607666, 4.679417133331299]}, "gradients/Decoder.FC_output.weight": {"_type": "histogram", "values": [1.0, 0.0, 0.0, 0.0, 0.0, 0.0, 0.0, 0.0, 3.0, 3.0, 2.0, 6.0, 4.0, 12.0, 17.0, 21.0, 24.0, 32.0, 53.0, 68.0, 90.0, 123.0, 182.0, 232.0, 307.0, 389.0, 529.0, 685.0, 906.0, 1122.0, 1625.0, 2133.0, 2871.0, 3859.0, 5105.0, 6832.0, 9336.0, 12650.0, 17598.0, 27273.0, 158046.0, 20838.0, 13127.0, 8984.0, 6165.0, 4163.0, 2705.0, 1920.0, 1168.0, 839.0, 527.0, 364.0, 247.0, 147.0, 106.0, 56.0, 44.0, 25.0, 10.0, 8.0, 8.0, 6.0, 3.0, 1.0], "bins": [-13.99428653717041, -13.64507007598877, -13.295854568481445, -12.946638107299805, -12.597421646118164, -12.24820613861084, -11.8989896774292, -11.549774169921875, -11.200557708740234, -10.851341247558594, -10.50212574005127, -10.152909278869629, -9.803693771362305, -9.454477310180664, -9.105260848999023, -8.756044387817383, -8.406828880310059, -8.057612419128418, -7.708396911621094, -7.359180450439453, -7.009964466094971, -6.660748481750488, -6.311532020568848, -5.962316036224365, -5.613100051879883, -5.2638840675354, -4.914668083190918, -4.565451622009277, -4.216235637664795, -3.8670196533203125, -3.517803430557251, -3.1685872077941895, -2.8193721771240234, -2.470156192779541, -2.1209399700164795, -1.7717238664627075, -1.4225077629089355, -1.0732916593551636, -0.7240755558013916, -0.3748593330383301, -0.025643348693847656, 0.3235727548599243, 0.6727888584136963, 1.0220049619674683, 1.3712210655212402, 1.7204371690750122, 2.069653272628784, 2.4188694953918457, 2.768085479736328, 3.1173014640808105, 3.466517686843872, 3.8157339096069336, 4.164949893951416, 4.514165878295898, 4.863382339477539, 5.2125983238220215, 5.561814308166504, 5.911030292510986, 6.260246276855469, 6.609462738037109, 6.958678722381592, 7.307894706726074, 7.657111167907715, 8.006326675415039, 8.35554313659668]}, "gradients/Decoder.FC_hidden.bias": {"_type": "histogram", "values": [1.0, 0.0, 0.0, 0.0, 1.0, 2.0, 0.0, 0.0, 0.0, 2.0, 1.0, 1.0, 2.0, 0.0, 2.0, 5.0, 6.0, 10.0, 6.0, 6.0, 6.0, 12.0, 13.0, 6.0, 14.0, 11.0, 12.0, 14.0, 17.0, 20.0, 21.0, 18.0, 22.0, 18.0, 14.0, 15.0, 15.0, 11.0, 9.0, 12.0, 18.0, 12.0, 10.0, 3.0, 5.0, 3.0, 3.0, 2.0, 3.0, 3.0, 4.0, 0.0, 2.0, 1.0, 1.0, 2.0, 1.0, 1.0, 0.0, 0.0, 0.0, 0.0, 0.0, 1.0], "bins": [-18.77354621887207, -18.172670364379883, -17.571794509887695, -16.970918655395508, -16.370044708251953, -15.76916790008545, -15.168292999267578, -14.56741714477539, -13.966541290283203, -13.365665435791016, -12.764789581298828, -12.163914680480957, -11.56303882598877, -10.962162971496582, -10.361288070678711, -9.760412216186523, -9.159536361694336, -8.558660507202148, -7.957785129547119, -7.35690975189209, -6.756033897399902, -6.155158042907715, -5.5542826652526855, -4.953407287597656, -4.352531433105469, -3.7516558170318604, -3.150780200958252, -2.5499045848846436, -1.9490289688110352, -1.3481533527374268, -0.7472777366638184, -0.14640235900878906, 0.45447540283203125, 1.0553510189056396, 1.656226634979248, 2.2571022510528564, 2.857977867126465, 3.4588534832000732, 4.059729099273682, 4.660604476928711, 5.261480331420898, 5.862356185913086, 6.463231563568115, 7.0641069412231445, 7.664982795715332, 8.26585865020752, 8.86673355102539, 9.467609405517578, 10.068485260009766, 10.669361114501953, 11.27023696899414, 11.871111869812012, 12.4719877243042, 13.072863578796387, 13.673738479614258, 14.274614334106445, 14.875490188598633, 15.47636604309082, 16.077241897583008, 16.678117752075195, 17.27899169921875, 17.879867553710938, 18.480743408203125, 19.081619262695312, 19.6824951171875]}, "gradients/Decoder.FC_hidden.weight": {"_type": "histogram", "values": [2.0, 0.0, 1.0, 0.0, 0.0, 0.0, 3.0, 2.0, 4.0, 4.0, 1.0, 9.0, 11.0, 9.0, 12.0, 26.0, 28.0, 41.0, 52.0, 58.0, 70.0, 91.0, 125.0, 147.0, 204.0, 242.0, 309.0, 312.0, 384.0, 443.0, 526.0, 571.0, 532.0, 585.0, 486.0, 470.0, 437.0, 332.0, 314.0, 264.0, 201.0, 150.0, 107.0, 110.0, 59.0, 66.0, 45.0, 40.0, 22.0, 19.0, 21.0, 14.0, 5.0, 8.0, 2.0, 7.0, 1.0, 4.0, 3.0, 2.0, 1.0, 0.0, 4.0, 2.0], "bins": [-22.847875595092773, -22.144969940185547, -21.442066192626953, -20.739160537719727, -20.0362548828125, -19.333351135253906, -18.63044548034668, -17.927539825439453, -17.22463607788086, -16.521730422973633, -15.818825721740723, -15.115921020507812, -14.413015365600586, -13.710110664367676, -13.007205963134766, -12.304300308227539, -11.601394653320312, -10.898489952087402, -10.195584297180176, -9.492679595947266, -8.789773941040039, -8.086869239807129, -7.383964538574219, -6.68105936050415, -5.978154182434082, -5.275249004364014, -4.572343826293945, -3.869439125061035, -3.166533946990967, -2.4636287689208984, -1.7607240676879883, -1.05781888961792, -0.35491180419921875, 0.34799325466156006, 1.0508983135223389, 1.7538032531738281, 2.4567084312438965, 3.159613609313965, 3.862518310546875, 4.565423488616943, 5.268328666687012, 5.97123384475708, 6.674139022827148, 7.377043724060059, 8.079948425292969, 8.782854080200195, 9.485758781433105, 10.188663482666016, 10.891569137573242, 11.594473838806152, 12.297379493713379, 13.000284194946289, 13.703189849853516, 14.406094551086426, 15.108999252319336, 15.811904907226562, 16.514808654785156, 17.217714309692383, 17.920618057250977, 18.623523712158203, 19.32642936706543, 20.029335021972656, 20.73223876953125, 21.435144424438477, 22.138050079345703]}, "gradients/Encoder.FC_var.bias": {"_type": "histogram", "values": [1.0, 0.0, 0.0, 0.0, 0.0, 0.0, 0.0, 0.0, 0.0, 0.0, 0.0, 0.0, 0.0, 0.0, 0.0, 0.0, 0.0, 0.0, 0.0, 0.0, 0.0, 0.0, 0.0, 0.0, 0.0, 1.0, 1.0, 0.0, 0.0, 1.0, 0.0, 0.0, 0.0, 0.0, 1.0, 1.0, 1.0, 1.0, 1.0, 0.0, 0.0, 1.0, 0.0, 1.0, 2.0, 0.0, 1.0, 0.0, 0.0, 0.0, 1.0, 0.0, 1.0, 1.0, 0.0, 0.0, 0.0, 1.0, 0.0, 1.0, 0.0, 0.0, 0.0, 1.0],